{
  "mpc_iteration": 22,
  "n_substeps": 1,
  "n_nodes": 2,
  "max_residual_inf": 2.498001805406602e-16,
  "lgvi_accepted_failure_count": 0,
  "max_accepted_residual": 0.0,
  "max_accepted_residual_local_step": null,
  "accepted_residuals": [],
  "hard_failure_occurred": false,
  "final_state": {
    "k": 1.0,
    "t": 0.1,
    "u": 2.6740846691076596,
    "thetaR1_rad": 3.048399180124011,
    "thetaR2_rad": 3.0192409917085903,
    "thetaR1_deg": 174.66040729224628,
    "thetaR2_deg": 172.9897661577954,
    "thetaF1_rad": 0.04489178249969422,
    "thetaF2_rad": 0.002099044384049958,
    "thetaF1_deg": 2.572109672051728,
    "thetaF2_deg": 0.12026638421670009,
    "R1_orth_error": 8.96090549935041e-16,
    "R2_orth_error": 8.779504904717651e-16,
    "F1_orth_error": 3.140197597417423e-16,
    "F2_orth_error": 2.6183225994208455e-19,
    "R1_det_error": 1.1102230246251565e-16,
    "R2_det_error": 5.551115123125783e-16,
    "F1_det_error": 2.220446049250313e-16,
    "F2_det_error": 1.1102230246251565e-16,
    "base_x": 0.0,
    "base_y": 0.0,
    "elbow_x": 0.09305863411545245,
    "elbow_y": 0.9956606302433406,
    "tip_x": 0.21510525845378387,
    "tip_y": 1.9881849984518083,
    "target_angle_error_norm_rad": 0.15380166664152115,
    "target_angle_error_norm_deg": 8.812186380637185,
    "target_step_error_norm_rad": 0.04494082913483083,
    "target_step_error_norm_deg": 2.5749198372443733,
    "target_error_R1_deg": -5.3395927077537335,
    "target_error_R2_deg": -7.010233842204597,
    "target_error_F1_deg": 2.5721096720517247,
    "target_error_F2_deg": 0.12026638421670616
  },
  "next_sdp_initial": {
    "c1_0": -0.995660630243341,
    "s1_0": 0.0930586341154523,
    "c2_0": -0.9925243682084676,
    "s2_0": 0.12204662433833148,
    "a1_prev": 0.9989925331423742,
    "b1_prev": 0.044876705825886605,
    "a2_prev": 0.9999977970071454,
    "b2_prev": 0.002099042842656585,
    "thetaR1": 3.048399180124011,
    "thetaR2": 3.0192409917085903,
    "thetaF1_prev": 0.0448917824996942,
    "thetaF2_prev": 0.0020990443840500717,
    "thetaF1_last_fine": 0.04489178249969422,
    "thetaF2_last_fine": 0.002099044384049958
  },
  "thetaF1_next_sdp_F0_rad": 0.0448917824996942,
  "thetaF1_next_sdp_F0_deg": 2.5721096720517265,
  "thetaF2_next_sdp_F0_rad": 0.0020990443840500717,
  "thetaF2_next_sdp_F0_deg": 0.1202663842167066,
  "max_step_angle_deg_link1": 59.99999999999999,
  "max_step_angle_deg_link2": 59.99999999999999,
  "next_sdp_initial_f1_within_max_step": true,
  "next_sdp_initial_f2_within_max_step": true,
  "next_sdp_initial_f_within_max_step": true,
  "max_constraint_norm": 6.938893903907228e-18
}