{
  "mpc_iteration": 2,
  "n_substeps": 1,
  "n_nodes": 2,
  "max_residual_inf": 9.603429163007604e-15,
  "lgvi_accepted_failure_count": 0,
  "max_accepted_residual": 0.0,
  "max_accepted_residual_local_step": null,
  "accepted_residuals": [],
  "hard_failure_occurred": false,
  "final_state": {
    "k": 1.0,
    "t": 0.1,
    "u": -8.034129339138673,
    "thetaR1_rad": 0.40920899094859614,
    "thetaR2_rad": -2.40241480638147,
    "thetaR1_deg": 23.445948120161663,
    "thetaR2_deg": -137.64822904539704,
    "thetaF1_rad": -0.1310512444527762,
    "thetaF2_rad": -1.0426650024217032,
    "thetaF1_deg": -7.508683207081317,
    "thetaF2_deg": -59.740304084761355,
    "R1_orth_error": 3.7660599990674634e-16,
    "R2_orth_error": 3.250801182065084e-16,
    "F1_orth_error": 3.140722518994728e-16,
    "F2_orth_error": 2.482859071819893e-16,
    "R1_det_error": 2.220446049250313e-16,
    "R2_det_error": 0.0,
    "F1_det_error": 2.220446049250313e-16,
    "F2_det_error": 1.1102230246251565e-16,
    "base_x": 0.0,
    "base_y": 0.0,
    "elbow_x": 0.397883752484007,
    "elbow_y": -0.917435839451046,
    "tip_x": -0.2757967973379516,
    "tip_y": -0.17841316267340912,
    "target_angle_error_norm_rad": 2.830601414836086,
    "target_angle_error_norm_deg": 162.18151455386726,
    "target_step_error_norm_rad": 1.0508685626412428,
    "target_step_error_norm_deg": 60.21033346232239,
    "target_error_R1_deg": -156.55405187983834,
    "target_error_R2_deg": 42.35177095460292,
    "target_error_F1_deg": -7.508683207081309,
    "target_error_F2_deg": -59.740304084761355
  },
  "next_sdp_initial": {
    "c1_0": 0.9174358394510461,
    "s1_0": 0.39788375248400704,
    "c2_0": -0.7390226767776369,
    "s2_0": -0.6736805498219588,
    "a1_prev": 0.9914250686717083,
    "b1_prev": -0.13067644473775183,
    "a2_prev": 0.5039201529519239,
    "b2_prev": -0.8637502413596827,
    "thetaR1": 0.40920899094859614,
    "thetaR2": -2.40241480638147,
    "thetaF1_prev": -0.13105124445277636,
    "thetaF2_prev": -1.0426650024217032,
    "thetaF1_last_fine": -0.1310512444527762,
    "thetaF2_last_fine": -1.0426650024217032
  },
  "thetaF1_next_sdp_F0_rad": -0.13105124445277636,
  "thetaF1_next_sdp_F0_deg": -7.508683207081327,
  "thetaF2_next_sdp_F0_rad": -1.0426650024217032,
  "thetaF2_next_sdp_F0_deg": -59.740304084761355,
  "max_step_angle_deg_link1": 59.99999999999999,
  "max_step_angle_deg_link2": 59.99999999999999,
  "next_sdp_initial_f1_within_max_step": true,
  "next_sdp_initial_f2_within_max_step": true,
  "next_sdp_initial_f_within_max_step": true,
  "max_constraint_norm": 5.551115123125783e-17
}