{
  "mpc_iteration": 1,
  "n_substeps": 100,
  "n_nodes": 101,
  "max_residual_inf": 2.220446049250313e-16,
  "lgvi_accepted_failure_count": 0,
  "max_accepted_residual": 0.0,
  "max_accepted_residual_local_step": null,
  "accepted_residuals": [],
  "hard_failure_occurred": false,
  "final_state": {
    "k": 100.0,
    "t": 0.1,
    "u": 1.2111995370399429,
    "thetaR1_rad": -0.4018588345203125,
    "thetaR2_rad": 1.7997829782832815,
    "thetaR1_deg": -23.02481517806006,
    "thetaR2_deg": 103.11996869511752,
    "thetaF1_rad": -7.071959948007327e-05,
    "thetaF2_rad": 0.015681879472556226,
    "thetaF1_deg": -0.004051934579063769,
    "thetaF2_deg": 0.8985055086103132,
    "R1_orth_error": 1.1313461813015868e-14,
    "R2_orth_error": 8.386967586555292e-15,
    "F1_orth_error": 3.140184917643276e-16,
    "F2_orth_error": 1.5700924767708073e-16,
    "R1_det_error": 7.993605777301127e-15,
    "R2_det_error": 5.995204332975845e-15,
    "F1_det_error": 2.220446049250313e-16,
    "F2_det_error": 0.0,
    "base_x": 0.0,
    "base_y": 0.0,
    "elbow_x": -0.19556488426095764,
    "elbow_y": -0.4601677694537051,
    "tip_x": 0.2913835736055901,
    "tip_y": -0.346672397823885,
    "target_angle_error_norm_rad": 3.0506711727256355,
    "target_angle_error_norm_deg": 174.7905828794043,
    "target_step_error_norm_rad": 0.015682038931642026,
    "target_step_error_norm_deg": 0.8985146449429346,
    "target_error_R1_deg": 156.9751848219399,
    "target_error_R2_deg": -76.88003130488248,
    "target_error_F1_deg": -0.004051934579060605,
    "target_error_F2_deg": 0.8985055086103227
  },
  "next_sdp_initial": {
    "c1_0": 0.9203355389074139,
    "s1_0": -0.3911297685219169,
    "c2_0": -0.226990743259641,
    "s2_0": 0.9738969157330986,
    "a1_prev": 0.9625389114410309,
    "b1_prev": -0.2711435855076229,
    "a2_prev": 0.3180320464145145,
    "b2_prev": 0.9480799636388312,
    "thetaR1": -0.4018588345203125,
    "thetaR2": 1.7997829782832815,
    "thetaF1_prev": -0.27458092575265336,
    "thetaF2_prev": 1.2471432894791572,
    "thetaF1_last_fine": -7.071959948007327e-05,
    "thetaF2_last_fine": 0.015681879472556226
  },
  "next_sdp_initial_f_within_max_step": false,
  "max_constraint_norm": 5.551115123125783e-17
}