{
  "mpc_iteration": 18,
  "n_substeps": 1,
  "n_nodes": 2,
  "max_residual_inf": 3.469446951953614e-16,
  "lgvi_accepted_failure_count": 0,
  "max_accepted_residual": 0.0,
  "max_accepted_residual_local_step": null,
  "accepted_residuals": [],
  "hard_failure_occurred": false,
  "final_state": {
    "k": 1.0,
    "t": 0.1,
    "u": -14.506369584235298,
    "thetaR1_rad": 2.2136614925730185,
    "thetaR2_rad": -1.5367821381859263,
    "thetaR1_deg": 126.83346079506438,
    "thetaR2_deg": -88.05113054914405,
    "thetaF1_rad": 0.29872038832166675,
    "thetaF2_rad": -0.14439769951151032,
    "thetaF1_deg": 17.11541750534055,
    "thetaF2_deg": -8.27337875340781,
    "R1_orth_error": 5.650636183417441e-16,
    "R2_orth_error": 1.128594601697492e-15,
    "F1_orth_error": 1.575384652300531e-16,
    "F2_orth_error": 3.3717314714880955e-18,
    "R1_det_error": 2.220446049250313e-16,
    "R2_det_error": 7.771561172376096e-16,
    "F1_det_error": 1.1102230246251565e-16,
    "F2_det_error": 0.0,
    "base_x": 0.0,
    "base_y": 0.0,
    "elbow_x": 0.8003814040139765,
    "elbow_y": 0.5994911242951105,
    "tip_x": -0.199040169244179,
    "tip_y": 0.565483494177837,
    "target_angle_error_norm_rad": 1.8537726478553846,
    "target_angle_error_norm_deg": 106.21334889890493,
    "target_step_error_norm_rad": 0.3317899426192176,
    "target_step_error_norm_deg": 19.010163396968927,
    "target_error_R1_deg": -53.16653920493561,
    "target_error_R2_deg": 91.94886945085595,
    "target_error_F1_deg": 17.115417505340545,
    "target_error_F2_deg": -8.273378753407801
  },
  "next_sdp_initial": {
    "c1_0": -0.5994911242951106,
    "s1_0": 0.8003814040139764,
    "c2_0": 0.034007630117273535,
    "s2_0": -0.9994215732581551,
    "a1_prev": 0.9557138579932699,
    "b1_prev": 0.29429750532347365,
    "a2_prev": 0.9895927542486457,
    "b2_prev": -0.14389642364762878,
    "thetaR1": 2.2136614925730185,
    "thetaR2": -1.5367821381859263,
    "thetaF1_prev": 0.2987203883216671,
    "thetaF2_prev": -0.14439769951151046,
    "thetaF1_last_fine": 0.29872038832166675,
    "thetaF2_last_fine": -0.14439769951151032
  },
  "thetaF1_next_sdp_F0_rad": 0.2987203883216671,
  "thetaF1_next_sdp_F0_deg": 17.11541750534057,
  "thetaF2_next_sdp_F0_rad": -0.14439769951151046,
  "thetaF2_next_sdp_F0_deg": -8.273378753407819,
  "max_step_angle_deg_link1": 59.99999999999999,
  "max_step_angle_deg_link2": 59.99999999999999,
  "next_sdp_initial_f1_within_max_step": true,
  "next_sdp_initial_f2_within_max_step": true,
  "next_sdp_initial_f_within_max_step": true,
  "max_constraint_norm": 4.5102810375396984e-17
}