{
  "mpc_iteration": 29,
  "n_substeps": 1,
  "n_nodes": 2,
  "max_residual_inf": 5.551115123125783e-17,
  "lgvi_accepted_failure_count": 0,
  "max_accepted_residual": 0.0,
  "max_accepted_residual_local_step": null,
  "accepted_residuals": [],
  "hard_failure_occurred": false,
  "final_state": {
    "k": 1.0,
    "t": 0.1,
    "u": -0.023242120349236377,
    "thetaR1_rad": 3.1262579475012098,
    "thetaR2_rad": 3.1258185684587643,
    "thetaR1_deg": 179.1213860610506,
    "thetaR2_deg": 179.09621149631198,
    "thetaF1_rad": 0.0046321458692355775,
    "thetaF2_rad": 0.0051836826057245905,
    "thetaF1_deg": 0.2654024083961567,
    "thetaF2_deg": 0.2970031356433962,
    "R1_orth_error": 1.043467843550174e-15,
    "R2_orth_error": 4.701244781438487e-16,
    "F1_orth_error": 3.1401850282689617e-16,
    "F2_orth_error": 1.2252196545036825e-19,
    "R1_det_error": 1.1102230246251565e-16,
    "R2_det_error": 3.3306690738754696e-16,
    "F1_det_error": 2.220446049250313e-16,
    "F2_det_error": 0.0,
    "base_x": 0.0,
    "base_y": 0.0,
    "elbow_x": 0.01533410509475416,
    "elbow_y": 0.9998824256986133,
    "tip_x": 0.03110753607797952,
    "tip_y": 1.9997580173974092,
    "target_angle_error_norm_rad": 0.021999431186832542,
    "target_angle_error_norm_deg": 1.2604745586939843,
    "target_step_error_norm_rad": 0.006951786871788379,
    "target_step_error_norm_deg": 0.3983080478279273,
    "target_error_R1_deg": -0.878613938949392,
    "target_error_R2_deg": -0.9037885036880191,
    "target_error_F1_deg": 0.2654024083961678,
    "target_error_F2_deg": 0.2970031356433938
  },
  "next_sdp_initial": {
    "c1_0": -0.9998824256986136,
    "s1_0": 0.015334105094754063,
    "c2_0": -0.9998755916987959,
    "s2_0": 0.015773430983225343,
    "a1_prev": 0.9999892716315066,
    "b1_prev": 0.004632129304100986,
    "a2_prev": 0.9999865647474058,
    "b2_prev": 0.005183659391008815,
    "thetaR1": 3.1262579475012098,
    "thetaR2": 3.1258185684587643,
    "thetaF1_prev": 0.004632145869235433,
    "thetaF2_prev": 0.005183682605724668,
    "thetaF1_last_fine": 0.0046321458692355775,
    "thetaF2_last_fine": 0.0051836826057245905
  },
  "thetaF1_next_sdp_F0_rad": 0.004632145869235433,
  "thetaF1_next_sdp_F0_deg": 0.2654024083961484,
  "thetaF2_next_sdp_F0_rad": 0.005183682605724668,
  "thetaF2_next_sdp_F0_deg": 0.2970031356434006,
  "max_step_angle_deg_link1": 59.99999999999999,
  "max_step_angle_deg_link2": 59.99999999999999,
  "next_sdp_initial_f1_within_max_step": true,
  "next_sdp_initial_f2_within_max_step": true,
  "next_sdp_initial_f_within_max_step": true,
  "max_constraint_norm": 1.1103585416259206e-16
}