{
  "mpc_iteration": 30,
  "n_substeps": 1,
  "n_nodes": 2,
  "max_residual_inf": 1.1102230246251565e-16,
  "lgvi_accepted_failure_count": 0,
  "max_accepted_residual": 0.0,
  "max_accepted_residual_local_step": null,
  "accepted_residuals": [],
  "hard_failure_occurred": false,
  "final_state": {
    "k": 1.0,
    "t": 0.1,
    "u": -0.018790330257301844,
    "thetaR1_rad": 3.1298166998308474,
    "thetaR2_rad": 3.1297275808393077,
    "thetaR1_deg": 179.3252875498712,
    "thetaR2_deg": 179.32018140778152,
    "thetaF1_rad": 0.003558752329637352,
    "thetaF2_rad": 0.003909012380543389,
    "thetaF1_deg": 0.20390148882056977,
    "thetaF2_deg": 0.22396991146952308,
    "R1_orth_error": 7.421204577203183e-16,
    "R2_orth_error": 2.6756804015171786e-16,
    "F1_orth_error": 2.2204470777501007e-16,
    "F2_orth_error": 3.140185501458159e-16,
    "R1_det_error": 0.0,
    "R2_det_error": 1.1102230246251565e-16,
    "F1_det_error": 0.0,
    "F2_det_error": 2.220446049250313e-16,
    "base_x": 0.0,
    "base_y": 0.0,
    "elbow_x": 0.01177568159285637,
    "elbow_y": 0.9999306642577892,
    "tip_x": 0.02364047595124072,
    "tip_y": 1.9998602751078898,
    "target_angle_error_norm_rad": 0.016716848934746613,
    "target_angle_error_norm_deg": 0.9578048907187471,
    "target_step_error_norm_rad": 0.00528631212992006,
    "target_step_error_norm_deg": 0.30288337423323236,
    "target_error_R1_deg": -0.6747124501288052,
    "target_error_R2_deg": -0.6798185922184943,
    "target_error_F1_deg": 0.20390148882056136,
    "target_error_F2_deg": 0.22396991146952483
  },
  "next_sdp_initial": {
    "c1_0": -0.9999306642577895,
    "s1_0": 0.011775681592856573,
    "c2_0": -0.9999296108501003,
    "s2_0": 0.011864794358384364,
    "a1_prev": 0.9999936676476119,
    "b1_prev": 0.0035587448178760936,
    "a2_prev": 0.999992359820833,
    "b2_prev": 0.003909002425353405,
    "thetaR1": 3.1298166998308474,
    "thetaR2": 3.1297275808393077,
    "thetaF1_prev": 0.0035587523296372013,
    "thetaF2_prev": 0.00390901238054346,
    "thetaF1_last_fine": 0.003558752329637352,
    "thetaF2_last_fine": 0.003909012380543389
  },
  "thetaF1_next_sdp_F0_rad": 0.0035587523296372013,
  "thetaF1_next_sdp_F0_deg": 0.20390148882056114,
  "thetaF2_next_sdp_F0_rad": 0.00390901238054346,
  "thetaF2_next_sdp_F0_deg": 0.22396991146952716,
  "max_step_angle_deg_link1": 59.99999999999999,
  "max_step_angle_deg_link2": 59.99999999999999,
  "next_sdp_initial_f1_within_max_step": true,
  "next_sdp_initial_f2_within_max_step": true,
  "next_sdp_initial_f_within_max_step": true,
  "max_constraint_norm": 1.1103585416259206e-16
}