{
  "mpc_iteration": 20,
  "n_substeps": 1,
  "n_nodes": 2,
  "max_residual_inf": 1.9843501841698696e-14,
  "lgvi_accepted_failure_count": 0,
  "max_accepted_residual": 0.0,
  "max_accepted_residual_local_step": null,
  "accepted_residuals": [],
  "hard_failure_occurred": false,
  "final_state": {
    "k": 1.0,
    "t": 0.1,
    "u": -3.640283466848805,
    "thetaR1_rad": 2.8247485537482158,
    "thetaR2_rad": -3.004175683456883,
    "thetaR1_deg": 161.84617031545594,
    "thetaR2_deg": -172.12658757790896,
    "thetaF1_rad": 0.38260215440809026,
    "thetaF2_rad": -0.8137703385384605,
    "thetaF1_deg": 21.921488680196216,
    "thetaF2_deg": -46.62560589118599,
    "R1_orth_error": 1.0559177468645885e-15,
    "R2_orth_error": 9.944100066838087e-16,
    "F1_orth_error": 3.141502335084604e-16,
    "F2_orth_error": 2.225348819545367e-16,
    "R1_det_error": 3.3306690738754696e-16,
    "R2_det_error": 5.551115123125783e-16,
    "F1_det_error": 2.220446049250313e-16,
    "F2_det_error": 2.220446049250313e-16,
    "base_x": 0.0,
    "base_y": 0.0,
    "elbow_x": 0.3115693068886103,
    "elbow_y": 0.9502234300441929,
    "tip_x": 0.17458441241180972,
    "tip_y": 1.9407965665087246,
    "target_angle_error_norm_rad": 0.3453601124694751,
    "target_angle_error_norm_deg": 19.78767685666436,
    "target_step_error_norm_rad": 0.8992255403638801,
    "target_step_error_norm_deg": 51.52182829322118,
    "target_error_R1_deg": -18.153829684544057,
    "target_error_R2_deg": 7.87341242209103,
    "target_error_F1_deg": 21.921488680196212,
    "target_error_F2_deg": -46.62560589118598
  },
  "next_sdp_initial": {
    "c1_0": -0.9502234300441929,
    "s1_0": 0.31156930688861023,
    "c2_0": -0.9905731364645315,
    "s2_0": -0.13698489447680076,
    "a1_prev": 0.9276963002425009,
    "b1_prev": 0.3733357396719151,
    "a2_prev": 0.6867627308148739,
    "b2_prev": -0.7268816626959963,
    "thetaR1": 2.8247485537482158,
    "thetaR2": -3.004175683456883,
    "thetaF1_prev": 0.3826021544080904,
    "thetaF2_prev": -0.8137703385384605,
    "thetaF1_last_fine": 0.38260215440809026,
    "thetaF2_last_fine": -0.8137703385384605
  },
  "thetaF1_next_sdp_F0_rad": 0.3826021544080904,
  "thetaF1_next_sdp_F0_deg": 21.921488680196227,
  "thetaF2_next_sdp_F0_rad": -0.8137703385384605,
  "thetaF2_next_sdp_F0_deg": -46.62560589118599,
  "max_step_angle_deg_link1": 59.99999999999999,
  "max_step_angle_deg_link2": 59.99999999999999,
  "next_sdp_initial_f1_within_max_step": true,
  "next_sdp_initial_f2_within_max_step": true,
  "next_sdp_initial_f_within_max_step": true,
  "max_constraint_norm": 5.721958498152797e-17
}