{
  "mpc_iteration": 0,
  "N": 20,
  "dt_sdp": 0.1,
  "problem_status": "PRIMAL_AND_DUAL_FEASIBLE",
  "solution_status": "OPTIMAL",
  "control_applied": true,
  "lower_bound_sdp": 13044.655481480682,
  "extracted_cost": 12892.239129890962,
  "absolute_suboptimality_gap": -152.41635158971985,
  "relative_suboptimality_gap": -0.011822333580234245,
  "max_so2_error": 0.3055233159140084,
  "max_kinematic_error": 0.24552228757926886,
  "num_moment_matrices": 196,
  "worst_rank_proxy": 6,
  "min_dominant_weight": 0.43604863417108286,
  "max_second_weight": 0.4630872246122747,
  "all_blocks_rank_one": false
}