{
  "mpc_iteration": 27,
  "n_substeps": 1,
  "n_nodes": 2,
  "max_residual_inf": 1.3877787807814457e-17,
  "lgvi_accepted_failure_count": 0,
  "max_accepted_residual": 0.0,
  "max_accepted_residual_local_step": null,
  "accepted_residuals": [],
  "hard_failure_occurred": false,
  "final_state": {
    "k": 1.0,
    "t": 0.1,
    "u": -0.036361994953130916,
    "thetaR1_rad": 3.1155963790916483,
    "thetaR2_rad": 3.113766159763786,
    "thetaR1_deg": 178.51052318819274,
    "thetaR2_deg": 178.40565934512293,
    "thetaF1_rad": 0.007844777887459351,
    "thetaF2_rad": 0.00910266318286271,
    "thetaF1_deg": 0.44947266416897474,
    "thetaF2_deg": 0.521544182707154,
    "R1_orth_error": 1.1468277333831899e-15,
    "R2_orth_error": 6.568366401724188e-16,
    "F1_orth_error": 2.2715426752954537e-19,
    "F2_orth_error": 1.570118165715278e-16,
    "R1_det_error": 4.440892098500626e-16,
    "R2_det_error": 3.3306690738754696e-16,
    "F1_det_error": 0.0,
    "F2_det_error": 0.0,
    "base_x": 0.0,
    "base_y": 0.0,
    "elbow_x": 0.025993346522789743,
    "elbow_y": 0.9996621158854356,
    "tip_x": 0.05381624941498808,
    "tip_y": 1.999274983987208,
    "target_angle_error_norm_rad": 0.03808044178356807,
    "target_angle_error_norm_deg": 2.1818485961920837,
    "target_step_error_norm_rad": 0.01201661421217375,
    "target_step_error_norm_deg": 0.6885012783944786,
    "target_error_R1_deg": -1.4894768118072685,
    "target_error_R2_deg": -1.5943406548770622,
    "target_error_F1_deg": 0.44947266416897164,
    "target_error_F2_deg": 0.5215441827071586
  },
  "next_sdp_initial": {
    "c1_0": -0.9996621158854357,
    "s1_0": 0.02599334652278963,
    "c2_0": -0.9996128681017722,
    "s2_0": 0.027822902892198433,
    "a1_prev": 0.9999692298877496,
    "b1_prev": 0.007844697425728778,
    "a2_prev": 0.9999585710475523,
    "b2_prev": 0.00910253747791555,
    "thetaR1": 3.1155963790916483,
    "thetaR2": 3.113766159763786,
    "thetaF1_prev": 0.007844777887459225,
    "thetaF2_prev": 0.009102663182862793,
    "thetaF1_last_fine": 0.007844777887459351,
    "thetaF2_last_fine": 0.00910266318286271
  },
  "thetaF1_next_sdp_F0_rad": 0.007844777887459225,
  "thetaF1_next_sdp_F0_deg": 0.4494726641689675,
  "thetaF2_next_sdp_F0_rad": 0.009102663182862793,
  "thetaF2_next_sdp_F0_deg": 0.5215441827071587,
  "max_step_angle_deg_link1": 59.99999999999999,
  "max_step_angle_deg_link2": 59.99999999999999,
  "next_sdp_initial_f1_within_max_step": true,
  "next_sdp_initial_f2_within_max_step": true,
  "next_sdp_initial_f_within_max_step": true,
  "max_constraint_norm": 5.553824967135427e-17
}