{
  "mpc_iteration": 0,
  "n_substeps": 1,
  "n_nodes": 2,
  "max_residual_inf": 2.220446049250313e-16,
  "lgvi_accepted_failure_count": 0,
  "max_accepted_residual": 0.0,
  "max_accepted_residual_local_step": null,
  "accepted_residuals": [],
  "hard_failure_occurred": false,
  "final_state": {
    "k": 1.0,
    "t": 0.1,
    "u": -7.107608140913677,
    "thetaR1_rad": 0.38526146635648345,
    "thetaR2_rad": -0.6421653580332012,
    "thetaR1_deg": 22.07385603124786,
    "thetaR2_deg": -36.793364764809866,
    "thetaF1_rad": 0.29799500375676696,
    "thetaF2_rad": -0.7294318206329177,
    "thetaF1_deg": 17.073856031247857,
    "thetaF2_deg": -41.793364764809866,
    "R1_orth_error": 1.0020530878399335e-16,
    "R2_orth_error": 2.7604310880016606e-16,
    "F1_orth_error": 1.129021891438554e-16,
    "F2_orth_error": 2.9359949866207435e-18,
    "R1_det_error": 0.0,
    "R2_det_error": 2.220446049250313e-16,
    "F1_det_error": 1.1102230246251565e-16,
    "F2_det_error": 1.1102230246251565e-16,
    "base_x": 0.0,
    "base_y": 0.0,
    "elbow_x": 0.3758014505166403,
    "elbow_y": -0.9267002049150465,
    "tip_x": -0.22312941392411628,
    "tip_y": -1.7275009414408367,
    "target_angle_error_norm_rad": 3.7208195897528173,
    "target_angle_error_norm_deg": 213.18725882243484,
    "target_step_error_norm_rad": 0.7879541885261151,
    "target_step_error_norm_deg": 45.14644945220199,
    "target_error_R1_deg": -157.92614396875214,
    "target_error_R2_deg": 143.2066352351901,
    "target_error_F1_deg": 17.073856031247868,
    "target_error_F2_deg": -41.79336476480986
  },
  "next_sdp_initial": {
    "c1_0": 0.9267002049150465,
    "s1_0": 0.37580145051664027,
    "c2_0": 0.8008007365257902,
    "s2_0": -0.5989308644407566,
    "a1_prev": 0.9559270854023285,
    "b1_prev": 0.2936041678760866,
    "a2_prev": 0.7455531836101259,
    "b2_prev": -0.6664461346641647,
    "thetaR1": 0.38526146635648345,
    "thetaR2": -0.6421653580332012,
    "thetaF1_prev": 0.29799500375676696,
    "thetaF2_prev": -0.7294318206329177,
    "thetaF1_last_fine": 0.29799500375676696,
    "thetaF2_last_fine": -0.7294318206329177
  },
  "thetaF1_next_sdp_F0_rad": 0.29799500375676696,
  "thetaF1_next_sdp_F0_deg": 17.073856031247857,
  "thetaF2_next_sdp_F0_rad": -0.7294318206329177,
  "thetaF2_next_sdp_F0_deg": -41.793364764809866,
  "max_step_angle_deg_link1": 59.99999999999999,
  "max_step_angle_deg_link2": 59.99999999999999,
  "next_sdp_initial_f1_within_max_step": true,
  "next_sdp_initial_f2_within_max_step": true,
  "next_sdp_initial_f_within_max_step": true,
  "max_constraint_norm": 1.1188630228279524e-16
}