{
  "mpc_iteration": 14,
  "n_substeps": 1,
  "n_nodes": 2,
  "max_residual_inf": 1.9123591599168321e-13,
  "lgvi_accepted_failure_count": 0,
  "max_accepted_residual": 0.0,
  "max_accepted_residual_local_step": null,
  "accepted_residuals": [],
  "hard_failure_occurred": false,
  "final_state": {
    "k": 1.0,
    "t": 0.1,
    "u": 15.869988305250525,
    "thetaR1_rad": -0.12783541998006362,
    "thetaR2_rad": 2.2882663678154964,
    "thetaR1_deg": -7.3244300371400035,
    "thetaR2_deg": 131.10800527755842,
    "thetaF1_rad": 0.5100347228368239,
    "thetaF2_rad": 1.0471975481828544,
    "thetaF1_deg": 29.222837023674717,
    "thetaF2_deg": 59.999999827325226,
    "R1_orth_error": 3.5427658889844625e-16,
    "R2_orth_error": 5.120572136819852e-16,
    "F1_orth_error": 2.484844702396998e-16,
    "F2_orth_error": 1.5727442995114432e-16,
    "R1_det_error": 0.0,
    "R2_det_error": 4.440892098500626e-16,
    "F1_det_error": 1.1102230246251565e-16,
    "F2_det_error": 2.220446049250313e-16,
    "base_x": 0.0,
    "base_y": 0.0,
    "elbow_x": -0.12748752553786977,
    "elbow_y": -0.991840174036236,
    "tip_x": 0.6259840119577966,
    "tip_y": -0.3343596479490244,
    "target_angle_error_norm_rad": 3.1322353700078676,
    "target_angle_error_norm_deg": 179.46386714304862,
    "target_step_error_norm_rad": 1.1647996065501642,
    "target_step_error_norm_deg": 66.73810143382325,
    "target_error_R1_deg": 172.67556996285995,
    "target_error_R2_deg": -48.89199472244158,
    "target_error_F1_deg": 29.22283702367471,
    "target_error_F2_deg": 59.999999827325226
  },
  "next_sdp_initial": {
    "c1_0": 0.9918401740362361,
    "s1_0": -0.1274875255378698,
    "c2_0": -0.6574805260872115,
    "s2_0": 0.7534715374956662,
    "a1_prev": 0.872727556220747,
    "b1_prev": 0.48820755075373784,
    "a2_prev": 0.5000000026099781,
    "b2_prev": 0.8660254022775666,
    "thetaR1": -0.12783541998006362,
    "thetaR2": 2.2882663678154964,
    "thetaF1_prev": 0.5100347228368238,
    "thetaF2_prev": 1.0471975481828544,
    "thetaF1_last_fine": 0.5100347228368239,
    "thetaF2_last_fine": 1.0471975481828544
  },
  "thetaF1_next_sdp_F0_rad": 0.5100347228368238,
  "thetaF1_next_sdp_F0_deg": 29.22283702367471,
  "thetaF2_next_sdp_F0_rad": 1.0471975481828544,
  "thetaF2_next_sdp_F0_deg": 59.999999827325226,
  "max_step_angle_deg_link1": 59.99999999999999,
  "max_step_angle_deg_link2": 59.99999999999999,
  "next_sdp_initial_f1_within_max_step": true,
  "next_sdp_initial_f2_within_max_step": true,
  "next_sdp_initial_f_within_max_step": true,
  "max_constraint_norm": 5.551115123125783e-17
}