{
  "mpc_iteration": 9,
  "n_substeps": 1,
  "n_nodes": 2,
  "max_residual_inf": 8.187894806610529e-16,
  "lgvi_accepted_failure_count": 0,
  "max_accepted_residual": 0.0,
  "max_accepted_residual_local_step": null,
  "accepted_residuals": [],
  "hard_failure_occurred": false,
  "final_state": {
    "k": 1.0,
    "t": 0.1,
    "u": 10.836095978025071,
    "thetaR1_rad": -0.5789641846193171,
    "thetaR2_rad": -1.6805255085329835,
    "thetaR1_deg": -33.17220426791988,
    "thetaR2_deg": -96.28701900301637,
    "thetaF1_rad": -0.15544515135988374,
    "thetaF2_rad": 1.0244334976464164,
    "thetaF1_deg": -8.906351118693607,
    "thetaF2_deg": 58.69571580696481,
    "R1_orth_error": 2.347295111765231e-16,
    "R2_orth_error": 4.3510398879824326e-16,
    "F1_orth_error": 1.7904626671695865e-17,
    "F2_orth_error": 1.9893201306910307e-17,
    "R1_det_error": 2.220446049250313e-16,
    "R2_det_error": 0.0,
    "F1_det_error": 2.220446049250313e-16,
    "F2_det_error": 0.0,
    "base_x": 0.0,
    "base_y": 0.0,
    "elbow_x": -0.5471572220775425,
    "elbow_y": -0.8370298527103958,
    "tip_x": -1.5411430135528765,
    "tip_y": -0.7275207373585063,
    "target_angle_error_norm_rad": 2.949878280936761,
    "target_angle_error_norm_deg": 169.01557557498296,
    "target_step_error_norm_rad": 1.0361598265621803,
    "target_step_error_norm_deg": 59.367584963020306,
    "target_error_R1_deg": 146.82779573208012,
    "target_error_R2_deg": 83.7129809969836,
    "target_error_F1_deg": -8.906351118693598,
    "target_error_F2_deg": 58.69571580696483
  },
  "next_sdp_initial": {
    "c1_0": 0.8370298527103959,
    "s1_0": -0.5471572220775426,
    "c2_0": -0.10950911535188954,
    "s2_0": -0.9939857914753341,
    "a1_prev": 0.9879427103733223,
    "b1_prev": -0.15481989865716328,
    "a2_prev": 0.5195830011115682,
    "b2_prev": 0.8544199815991521,
    "thetaR1": -0.5789641846193171,
    "thetaR2": -1.6805255085329835,
    "thetaF1_prev": -0.15544515135988357,
    "thetaF2_prev": 1.0244334976464162,
    "thetaF1_last_fine": -0.15544515135988374,
    "thetaF2_last_fine": 1.0244334976464164
  },
  "thetaF1_next_sdp_F0_rad": -0.15544515135988357,
  "thetaF1_next_sdp_F0_deg": -8.906351118693598,
  "thetaF2_next_sdp_F0_rad": 1.0244334976464162,
  "thetaF2_next_sdp_F0_deg": 58.695715806964806,
  "max_step_angle_deg_link1": 59.99999999999999,
  "max_step_angle_deg_link2": 59.99999999999999,
  "next_sdp_initial_f1_within_max_step": true,
  "next_sdp_initial_f2_within_max_step": true,
  "next_sdp_initial_f_within_max_step": true,
  "max_constraint_norm": 5.551115123125783e-17
}