{
  "mpc_iteration": 10,
  "n_substeps": 1,
  "n_nodes": 2,
  "max_residual_inf": 2.55351295663786e-15,
  "lgvi_accepted_failure_count": 0,
  "max_accepted_residual": 0.0,
  "max_accepted_residual_local_step": null,
  "accepted_residuals": [],
  "hard_failure_occurred": false,
  "final_state": {
    "k": 1.0,
    "t": 0.1,
    "u": -12.840055107839055,
    "thetaR1_rad": -0.827556717382874,
    "thetaR2_rad": -0.8554211221852296,
    "thetaR1_deg": -47.415507213739325,
    "thetaR2_deg": -49.01202000755837,
    "thetaF1_rad": -0.24859253276355692,
    "thetaF2_rad": 0.8251043863477538,
    "thetaF1_deg": -14.243302945819451,
    "thetaF2_deg": 47.274998995458,
    "R1_orth_error": 6.419082098801823e-16,
    "R2_orth_error": 3.580948070187623e-16,
    "F1_orth_error": 2.22291829779406e-16,
    "F2_orth_error": 2.2579754237308245e-17,
    "R1_det_error": 4.440892098500626e-16,
    "R2_det_error": 0.0,
    "F1_det_error": 0.0,
    "F2_det_error": 0.0,
    "base_x": 0.0,
    "base_y": 0.0,
    "elbow_x": -0.7362802579497161,
    "elbow_y": -0.6766767187908119,
    "tip_x": -1.4911274553396718,
    "tip_y": -1.3325774037977185,
    "target_angle_error_norm_rad": 3.2528975675636818,
    "target_angle_error_norm_deg": 186.37730180977053,
    "target_step_error_norm_rad": 0.8617398074338353,
    "target_step_error_norm_deg": 49.37405400437505,
    "target_error_R1_deg": 132.58449278626065,
    "target_error_R2_deg": 130.98797999244164,
    "target_error_F1_deg": -14.24330294581944,
    "target_error_F2_deg": 47.274998995458
  },
  "next_sdp_initial": {
    "c1_0": 0.676676718790812,
    "s1_0": -0.7362802579497163,
    "c2_0": 0.6559006850069063,
    "s2_0": -0.7548471973899558,
    "a1_prev": 0.9692596748723306,
    "b1_prev": -0.2460400021670961,
    "a2_prev": 0.6784802851667883,
    "b2_prev": 0.7346186103278307,
    "thetaR1": -0.827556717382874,
    "thetaR2": -0.8554211221852296,
    "thetaF1_prev": -0.24859253276355686,
    "thetaF2_prev": 0.825104386347754,
    "thetaF1_last_fine": -0.24859253276355692,
    "thetaF2_last_fine": 0.8251043863477538
  },
  "thetaF1_next_sdp_F0_rad": -0.24859253276355686,
  "thetaF1_next_sdp_F0_deg": -14.243302945819448,
  "thetaF2_next_sdp_F0_rad": 0.825104386347754,
  "thetaF2_next_sdp_F0_deg": 47.274998995458006,
  "max_step_angle_deg_link1": 59.99999999999999,
  "max_step_angle_deg_link2": 59.99999999999999,
  "next_sdp_initial_f1_within_max_step": true,
  "next_sdp_initial_f2_within_max_step": true,
  "next_sdp_initial_f_within_max_step": true,
  "max_constraint_norm": 1.2412670766236366e-16
}