{
  "stopped": true,
  "termination": "sdp_failure",
  "stop_reason": "MOSEK status rejected at MPC iteration 2: problem_status=DUAL_INFEASIBLE, solution_status=DUAL_INFEASIBLE_CER; control was not applied and the next interval was not simulated",
  "num_mpc_iterations": 2,
  "stable_counter": 0,
  "stable_steps_required": 3,
  "stop_angle_tol_deg": 2.0,
  "stop_step_angle_tol_deg": 2.0,
  "target_angle_error_norm_deg": 174.7905828794043,
  "target_step_error_norm_deg": 0.8985146449429346,
  "settings": {
    "max_iterations": 25,
    "stop_angle_tol_deg": 2.0,
    "stop_step_angle_tol_deg": 2.0,
    "stable_steps_required": 3,
    "cleanup_solver_artifacts": true
  },
  "params": {
    "system_name": "acrobot_so2_absolute",
    "angle_convention": "absolute body-frame angles",
    "m1": 1.0,
    "m2": 1.0,
    "l1": 0.5,
    "l2": 0.5,
    "deltaJ1": 0.02,
    "deltaJ2": 0.02,
    "g": 9.81,
    "p_0": [
      0.0,
      0.0
    ],
    "p0": [
      0.0,
      0.0
    ],
    "rho_10": [
      0.0,
      0.25
    ],
    "rho_112": [
      0.0,
      -0.25
    ],
    "rho_212": [
      0.0,
      0.25
    ],
    "dt_sdp": 0.1,
    "dt_sim": 0.001,
    "control_interval": 0.1,
    "dt": 0.1,
    "lgvi_maxfev": 5000,
    "accept_residual": true,
    "accept_residual_tol": 0.002,
    "plot_results": false,
    "generate_mpc_gif": false,
    "gif_stride": 20,
    "thetaR1_0": 0.08726646259971647,
    "thetaR2_0": 0.08726646259971647,
    "thetaF1_0": 0.0,
    "thetaF2_0": 0.0,
    "c1_current": 0.9961946980917455,
    "s1_current": 0.08715574274765817,
    "c2_current": 0.9961946980917455,
    "s2_current": 0.08715574274765817,
    "a1_prev": 1.0,
    "b1_prev": 0.0,
    "a2_prev": 1.0,
    "b2_prev": 0.0,
    "c1_0": 0.9961946980917455,
    "s1_0": 0.08715574274765817,
    "c2_0": 0.9961946980917455,
    "s2_0": 0.08715574274765817,
    "thetaR1_des": 3.141592653589793,
    "thetaR2_des": 3.141592653589793,
    "thetaF1_des": 0.0,
    "thetaF2_des": 0.0,
    "c1_des": -1.0,
    "s1_des": 1.2246467991473532e-16,
    "c2_des": -1.0,
    "s2_des": 1.2246467991473532e-16,
    "a1_des": 1.0,
    "b1_des": 0.0,
    "a2_des": 1.0,
    "b2_des": 0.0,
    "u_max": 20.0,
    "lambda_max": 10.0,
    "max_step_angle_deg": 60.0,
    "max_step_angle": 1.0471975511965976,
    "a1_min": 0.5000000000000001,
    "a2_min": 0.5000000000000001,
    "N": 20,
    "kappa": 2,
    "relax_mode": "SOS",
    "cs_mode": "SELF",
    "ts_mode": "NON",
    "ts_mom_mode": "NON",
    "ts_eq_mode": "NON",
    "if_solve": true,
    "if_mex": true,
    "rho_R": 200.0,
    "rho_F": 30.0,
    "alpha_R": 150.0,
    "alpha_F": 1.0,
    "gamma": 60.0,
    "alpha_lam": 0.0,
    "mpc_max_iterations": 25,
    "mpc_stop_angle_tol_deg": 2.0,
    "mpc_stop_step_angle_tol_deg": 2.0,
    "mpc_stable_steps_required": 3,
    "cleanup_solver_artifacts": true,
    "lambda_scale": 4.0,
    "Jd1": [
      [
        0.02,
        0.0
      ],
      [
        0.0,
        0.02
      ]
    ],
    "Jd2": [
      [
        0.02,
        0.0
      ],
      [
        0.0,
        0.02
      ]
    ]
  },
  "sdp_summaries": [
    {
      "mpc_iteration": 0,
      "N": 20,
      "dt_sdp": 0.1,
      "problem_status": "PRIMAL_AND_DUAL_FEASIBLE",
      "solution_status": "OPTIMAL",
      "control_applied": true,
      "lower_bound_sdp": 13044.655481480682,
      "extracted_cost": 12892.239129890962,
      "absolute_suboptimality_gap": -152.41635158971985,
      "relative_suboptimality_gap": -0.011822333580234245,
      "max_so2_error": 0.3055233159140084,
      "max_kinematic_error": 0.24552228757926886,
      "num_moment_matrices": 196,
      "worst_rank_proxy": 6,
      "min_dominant_weight": 0.43604863417108286,
      "max_second_weight": 0.4630872246122747,
      "all_blocks_rank_one": false
    },
    {
      "mpc_iteration": 1,
      "N": 20,
      "dt_sdp": 0.1,
      "problem_status": "PRIMAL_AND_DUAL_FEASIBLE",
      "solution_status": "OPTIMAL",
      "control_applied": true,
      "lower_bound_sdp": 12794.26171885731,
      "extracted_cost": 12738.821774466996,
      "absolute_suboptimality_gap": -55.43994439031303,
      "relative_suboptimality_gap": -0.004352046474300618,
      "max_so2_error": 0.1929793217976543,
      "max_kinematic_error": 0.13321573860443509,
      "num_moment_matrices": 196,
      "worst_rank_proxy": 6,
      "min_dominant_weight": 0.5818259678778499,
      "max_second_weight": 0.28192375529821373,
      "all_blocks_rank_one": false
    },
    {
      "mpc_iteration": 2,
      "problem_status": "DUAL_INFEASIBLE",
      "solution_status": "DUAL_INFEASIBLE_CER",
      "control_applied": false,
      "failure_reason": "MOSEK status rejected: problem_status=DUAL_INFEASIBLE, solution_status=DUAL_INFEASIBLE_CER"
    }
  ],
  "simulation_summaries": [
    {
      "mpc_iteration": 0,
      "n_substeps": 100,
      "n_nodes": 101,
      "max_residual_inf": 2.220446049250313e-16,
      "lgvi_accepted_failure_count": 0,
      "max_accepted_residual": 0.0,
      "max_accepted_residual_local_step": null,
      "accepted_residuals": [],
      "hard_failure_occurred": false,
      "final_state": {
        "k": 100.0,
        "t": 0.1,
        "u": 3.687059100128595,
        "thetaR1_rad": -0.12727790876765885,
        "thetaR2_rad": 0.5526396888041243,
        "thetaR1_deg": -7.2924869976379885,
        "thetaR2_deg": 31.663921759899534,
        "thetaF1_rad": -0.004657034712704645,
        "thetaF2_rad": 0.01122665131368747,
        "thetaF1_deg": -0.26682843408389606,
        "thetaF2_deg": 0.6432397383392934,
        "R1_orth_error": 8.025022667553807e-15,
        "R2_orth_error": 7.582334642470372e-15,
        "F1_orth_error": 3.1401906962560656e-16,
        "F2_orth_error": 9.770649678552527e-19,
        "R1_det_error": 5.551115123125783e-15,
        "R2_det_error": 5.329070518200751e-15,
        "F1_det_error": 2.220446049250313e-16,
        "F2_det_error": 2.220446049250313e-16,
        "base_x": 0.0,
        "base_y": 0.0,
        "elbow_x": -0.06346727186790999,
        "elbow_y": -0.49595554780811235,
        "tip_x": 0.1990006304937542,
        "tip_y": -0.9215264587382039,
        "target_angle_error_norm_rad": 3.97350863025672,
        "target_angle_error_norm_deg": 227.66527437251878,
        "target_step_error_norm_rad": 0.012154245021162751,
        "target_step_error_norm_deg": 0.6963869428805196,
        "target_error_R1_deg": 172.70751300236202,
        "target_error_R2_deg": -148.33607824010048,
        "target_error_F1_deg": -0.26682843408389467,
        "target_error_F2_deg": 0.6432397383393011
      },
      "next_sdp_initial": {
        "c1_0": 0.9919110956162277,
        "s1_0": -0.12693454373582036,
        "c2_0": 0.8511418218601853,
        "s2_0": 0.5249358047233297,
        "a1_prev": 0.97707349999163,
        "b1_prev": -0.21290226775239474,
        "a2_prev": 0.8936541402167669,
        "b2_prev": 0.4487563678360855,
        "thetaR1": -0.12727790876765885,
        "thetaR2": 0.5526396888041243,
        "thetaF1_prev": -0.21454437136737534,
        "thetaF2_prev": 0.46537322620440785,
        "thetaF1_last_fine": -0.004657034712704645,
        "thetaF2_last_fine": 0.01122665131368747
      },
      "next_sdp_initial_f_within_max_step": true,
      "max_constraint_norm": 5.721958498152797e-17
    },
    {
      "mpc_iteration": 1,
      "n_substeps": 100,
      "n_nodes": 101,
      "max_residual_inf": 2.220446049250313e-16,
      "lgvi_accepted_failure_count": 0,
      "max_accepted_residual": 0.0,
      "max_accepted_residual_local_step": null,
      "accepted_residuals": [],
      "hard_failure_occurred": false,
      "final_state": {
        "k": 100.0,
        "t": 0.1,
        "u": 1.2111995370399429,
        "thetaR1_rad": -0.4018588345203125,
        "thetaR2_rad": 1.7997829782832815,
        "thetaR1_deg": -23.02481517806006,
        "thetaR2_deg": 103.11996869511752,
        "thetaF1_rad": -7.071959948007327e-05,
        "thetaF2_rad": 0.015681879472556226,