{
  "stopped": false,
  "termination": "running",
  "stop_reason": "running",
  "num_mpc_iterations": 2,
  "stable_counter": 0,
  "stable_steps_required": 3,
  "stop_angle_tol_deg": 2.0,
  "stop_step_angle_tol_deg": 2.0,
  "target_angle_error_norm_deg": 163.2836641471396,
  "target_step_error_norm_deg": 11.453946834047326,
  "settings": {
    "max_iterations": 3,
    "stop_angle_tol_deg": 2.0,
    "stop_step_angle_tol_deg": 2.0,
    "stable_steps_required": 3,
    "cleanup_solver_artifacts": true
  },
  "params": {
    "system_name": "acrobot_so2_absolute",
    "angle_convention": "absolute body-frame angles",
    "m1": 1.0,
    "m2": 1.0,
    "l1": 0.5,
    "l2": 0.5,
    "deltaJ1": 0.02,
    "deltaJ2": 0.02,
    "g": 9.81,
    "p_0": [
      0.0,
      0.0
    ],
    "p0": [
      0.0,
      0.0
    ],
    "rho_10": [
      0.0,
      0.25
    ],
    "rho_112": [
      0.0,
      -0.25
    ],
    "rho_212": [
      0.0,
      0.25
    ],
    "dt_sdp": 0.1,
    "dt_sim": 0.001,
    "control_interval": 0.1,
    "dt": 0.1,
    "thetaR1_0": 0.08726646259971647,
    "thetaR2_0": 0.08726646259971647,
    "thetaF1_0": 0.0,
    "thetaF2_0": 0.0,
    "c1_current": 0.9961946980917455,
    "s1_current": 0.08715574274765817,
    "c2_current": 0.9961946980917455,
    "s2_current": 0.08715574274765817,
    "a1_prev": 1.0,
    "b1_prev": 0.0,
    "a2_prev": 1.0,
    "b2_prev": 0.0,
    "c1_0": 0.9961946980917455,
    "s1_0": 0.08715574274765817,
    "c2_0": 0.9961946980917455,
    "s2_0": 0.08715574274765817,
    "thetaR1_des": 3.141592653589793,
    "thetaR2_des": 3.141592653589793,
    "thetaF1_des": 0.0,
    "thetaF2_des": 0.0,
    "c1_des": -1.0,
    "s1_des": 1.2246467991473532e-16,
    "c2_des": -1.0,
    "s2_des": 1.2246467991473532e-16,
    "a1_des": 1.0,
    "b1_des": 0.0,
    "a2_des": 1.0,
    "b2_des": 0.0,
    "u_max": 20.0,
    "lambda_max": 10.0,
    "max_step_angle_deg": 60.0,
    "max_step_angle": 1.0471975511965976,
    "a1_min": 0.5000000000000001,
    "a2_min": 0.5000000000000001,
    "N": 20,
    "kappa": 2,
    "relax_mode": "SOS",
    "cs_mode": "SELF",
    "ts_mode": "NON",
    "ts_mom_mode": "NON",
    "ts_eq_mode": "NON",
    "if_solve": true,
    "if_mex": true,
    "rho_R": 200.0,
    "rho_F": 30.0,
    "alpha_R": 150.0,
    "alpha_F": 1.0,
    "gamma": 80.0,
    "alpha_lam": 0.0,
    "mpc_max_iterations": 3,
    "mpc_stop_angle_tol_deg": 2.0,
    "mpc_stop_step_angle_tol_deg": 2.0,
    "mpc_stable_steps_required": 3,
    "cleanup_solver_artifacts": true,
    "lambda_scale": 4.0,
    "Jd1": [
      [
        0.02,
        0.0
      ],
      [
        0.0,
        0.02
      ]
    ],
    "Jd2": [
      [
        0.02,
        0.0
      ],
      [
        0.0,
        0.02
      ]
    ]
  },
  "sdp_summaries": [
    {
      "mpc_iteration": 0,
      "N": 20,
      "dt_sdp": 0.1,
      "lower_bound_sdp": 13038.40375884421,
      "extracted_cost": 12930.15554021127,
      "absolute_suboptimality_gap": -108.24821863293982,
      "relative_suboptimality_gap": -0.008371764616156437,
      "max_so2_error": 0.23771736094726062,
      "max_kinematic_error": 0.20661653640526073,
      "num_moment_matrices": 196,
      "worst_rank_proxy": 7,
      "min_dominant_weight": 0.4301632246956505,
      "max_second_weight": 0.4543527995834658,
      "all_blocks_rank_one": false
    },
    {
      "mpc_iteration": 1,
      "N": 20,
      "dt_sdp": 0.1,
      "lower_bound_sdp": 0.5150540015958154,
      "extracted_cost": 18394.26134382509,
      "absolute_suboptimality_gap": 18393.74628982349,
      "relative_suboptimality_gap": 0.9999719992017092,
      "max_so2_error": 1.4141554027377077,
      "max_kinematic_error": 0.5562304246685513,
      "num_moment_matrices": 196,
      "worst_rank_proxy": 37,
      "min_dominant_weight": 0.050596662983451716,
      "max_second_weight": 0.36898464761088784,
      "all_blocks_rank_one": false
    }
  ],
  "simulation_summaries": [
    {
      "mpc_iteration": 0,
      "n_substeps": 100,
      "n_nodes": 101,
      "max_residual_inf": 2.220446049250313e-16,
      "final_state": {
        "k": 100.0,
        "t": 0.1,
        "u": 3.6869799728536616,
        "thetaR1_rad": -0.12727273990193264,
        "thetaR2_rad": 0.5526267458046281,
        "thetaR1_deg": -7.292190843447007,
        "thetaR2_deg": 31.663180180654162,
        "thetaF1_rad": -0.004656867131092418,
        "thetaF2_rad": 0.011226154097780104,
        "thetaF1_deg": -0.26681883236479137,
        "thetaF2_deg": 0.6432112499662944,
        "R1_orth_error": 5.6625547375128435e-15,
        "R2_orth_error": 6.1409422669778845e-15,
        "F1_orth_error": 1.1102231233257086e-16,
        "F2_orth_error": 3.1401857265183678e-16,
        "R1_det_error": 3.774758283725532e-15,
        "R2_det_error": 4.218847493575595e-15,
        "F1_det_error": 0.0,
        "F2_det_error": 0.0,
        "base_x": 0.0,
        "base_y": 0.0,
        "elbow_x": -0.06346470833942937,
        "elbow_y": -0.4959558758552934,
        "tip_x": 0.19899768583616473,
        "tip_y": -0.9215301838716667,
        "target_angle_error_norm_rad": 3.9735209844329566,
        "target_angle_error_norm_deg": 227.6659822146765,
        "target_step_error_norm_rad": 0.012153721541312081,
        "target_step_error_norm_deg": 0.6963569496944161,
        "target_error_R1_deg": 172.70780915655297,
        "target_error_R2_deg": -148.33681981934583,
        "target_error_F1_deg": -0.2668188323647949,
        "target_error_F2_deg": 0.6432112499662913
      },
      "next_sdp_initial": {
        "c1_0": 0.9919117517105888,
        "s1_0": -0.126929416678859,
        "c2_0": 0.8511486160327487,
        "s2_0": 0.5249247883511894,
        "a1_prev": 0.8935134170627906,
        "b1_prev": -0.44903649465135403,
        "a2_prev": 0.4333268273495565,
        "b2_prev": 0.9012368505000046,
        "thetaR1": -0.12727273990193264,
        "thetaR2": 0.5526267458046281,
        "thetaF1_prev": -0.46568671310924176,
        "thetaF2_prev": 1.1226154097780103,
        "thetaF1_physical": -0.004656867131092418,
        "thetaF2_physical": 0.011226154097780104
      },
      "max_constraint_norm": 5.721958498152797e-17
    },
    {
      "mpc_iteration": 1,
      "n_substeps": 100,
      "n_nodes": 101,
      "max_residual_inf": 1.0158540675320182e-13,
      "final_state": {
        "k": 100.0,
        "t": 0.1,
        "u": -2.5433958347244765,
        "thetaR1_rad": -0.35257529979906826,
        "thetaR2_rad": 2.555967957264902,
        "thetaR1_deg": -20.201076639046313,
        "thetaR2_deg": 146.44617652195325,
        "thetaF1_rad": 0.037044476693803584,
        "thetaF2_rad": 0.19644680922095487,
        "thetaF1_deg": 2.122492168825687,
        "thetaF2_deg": 11.255573067172378,
        "R1_orth_error": 8.424040407041246e-14,
        "R2_orth_error": 1.3714814073349818e-13,
        "F1_orth_error": 9.420554754517889e-14,
        "F2_orth_error": 1.4366346026990584e-13,
        "R1_det_error": 5.96189764223709e-14,
        "R2_det_error": 9.692247004977617e-14,
        "F1_det_error": 6.661338147750939e-14,
        "F2_det_error": 1.0147438445073931e-13,
        "base_x": 0.0,
        "base_y": 0.0,
        "elbow_x": -0.17265791703127978,
        "elbow_y": -0.46924326706562314,
        "tip_x": 0.10370212868160336,
        "tip_y": -0.05255978391135513,
        "target_angle_error_norm_rad": 2.8498375540882046,
        "target_angle_error_norm_deg": 163.2836641471396,
        "target_step_error_norm_rad": 0.19990908460250637,
        "target_step_error_norm_deg": 11.453946834047326,
        "target_error_R1_deg": 159.7989233609537,
        "target_error_R2_deg": -33.55382347804676,
        "target_error_F1_deg": 2.1224921688256764,
        "target_error_F2_deg": 11.255573067172387
      },
      "next_sdp_initial": {
        "c1_0": 0.9384865341312186,
        "s1_0": -0.34531583406254934,
        "c2_0": -0.8333669663084957,
        "s2_0": 0.5527200914257395,
        "a1_prev": -0.8457351150562302,