{
  "stopped": false,
  "termination": "max_iterations",
  "stop_reason": "max_iterations reached",
  "num_mpc_iterations": 2,
  "stable_counter": 0,
  "stable_steps_required": 3,
  "stop_angle_tol_deg": 2.0,
  "stop_step_angle_tol_deg": 2.0,
  "target_angle_error_norm_deg": 169.4881378815926,
  "target_step_error_norm_deg": 0.13689029225637298,
  "settings": {
    "max_iterations": 2,
    "stop_angle_tol_deg": 2.0,
    "stop_step_angle_tol_deg": 2.0,
    "stable_steps_required": 3,
    "cleanup_solver_artifacts": true
  },
  "params": {
    "system_name": "acrobot_so2_absolute",
    "angle_convention": "absolute body-frame angles",
    "m1": 1.0,
    "m2": 1.0,
    "l1": 0.5,
    "l2": 0.5,
    "deltaJ1": 0.02,
    "deltaJ2": 0.02,
    "g": 9.81,
    "p_0": [
      0.0,
      0.0
    ],
    "p0": [
      0.0,
      0.0
    ],
    "rho_10": [
      0.0,
      0.25
    ],
    "rho_112": [
      0.0,
      -0.25
    ],
    "rho_212": [
      0.0,
      0.25
    ],
    "dt_sdp": 0.1,
    "dt_sim": 0.001,
    "control_interval": 0.1,
    "dt": 0.1,
    "lgvi_maxfev": 2000,
    "accept_residual": true,
    "accept_residual_tol": 0.001,
    "plot_results": false,
    "generate_mpc_gif": false,
    "gif_stride": 20,
    "thetaR1_0": 0.08726646259971647,
    "thetaR2_0": 0.08726646259971647,
    "thetaF1_0": 0.0,
    "thetaF2_0": 0.0,
    "c1_current": 0.9961946980917455,
    "s1_current": 0.08715574274765817,
    "c2_current": 0.9961946980917455,
    "s2_current": 0.08715574274765817,
    "a1_prev": 1.0,
    "b1_prev": 0.0,
    "a2_prev": 1.0,
    "b2_prev": 0.0,
    "c1_0": 0.9961946980917455,
    "s1_0": 0.08715574274765817,
    "c2_0": 0.9961946980917455,
    "s2_0": 0.08715574274765817,
    "thetaR1_des": 3.141592653589793,
    "thetaR2_des": 3.141592653589793,
    "thetaF1_des": 0.0,
    "thetaF2_des": 0.0,
    "c1_des": -1.0,
    "s1_des": 1.2246467991473532e-16,
    "c2_des": -1.0,
    "s2_des": 1.2246467991473532e-16,
    "a1_des": 1.0,
    "b1_des": 0.0,
    "a2_des": 1.0,
    "b2_des": 0.0,
    "u_max": 20.0,
    "lambda_max": 10.0,
    "max_step_angle_deg": 60.0,
    "max_step_angle": 1.0471975511965976,
    "a1_min": 0.5000000000000001,
    "a2_min": 0.5000000000000001,
    "N": 20,
    "kappa": 2,
    "relax_mode": "SOS",
    "cs_mode": "SELF",
    "ts_mode": "NON",
    "ts_mom_mode": "NON",
    "ts_eq_mode": "NON",
    "if_solve": true,
    "if_mex": true,
    "rho_R": 200.0,
    "rho_F": 30.0,
    "alpha_R": 150.0,
    "alpha_F": 1.0,
    "gamma": 80.0,
    "alpha_lam": 0.0,
    "mpc_max_iterations": 2,
    "mpc_stop_angle_tol_deg": 2.0,
    "mpc_stop_step_angle_tol_deg": 2.0,
    "mpc_stable_steps_required": 3,
    "cleanup_solver_artifacts": true,
    "lambda_scale": 4.0,
    "Jd1": [
      [
        0.02,
        0.0
      ],
      [
        0.0,
        0.02
      ]
    ],
    "Jd2": [
      [
        0.02,
        0.0
      ],
      [
        0.0,
        0.02
      ]
    ]
  },
  "sdp_summaries": [
    {
      "mpc_iteration": 0,
      "N": 20,
      "dt_sdp": 0.1,
      "lower_bound_sdp": 13038.40375884421,
      "extracted_cost": 12929.449616456748,
      "absolute_suboptimality_gap": -108.95414238746162,
      "relative_suboptimality_gap": -0.008426819827565093,
      "max_so2_error": 0.14015292766003415,
      "max_kinematic_error": 0.12489333464555599,
      "num_moment_matrices": 196,
      "worst_rank_proxy": 7,
      "min_dominant_weight": 0.4301632246956505,
      "max_second_weight": 0.4543527995834658,
      "all_blocks_rank_one": false
    },
    {
      "mpc_iteration": 1,
      "N": 20,
      "dt_sdp": 0.1,
      "lower_bound_sdp": 0.5150472781402383,
      "extracted_cost": 17328.193500970556,
      "absolute_suboptimality_gap": 17327.678453692417,
      "relative_suboptimality_gap": 0.9999702769202047,
      "max_so2_error": 1.4141337126399414,
      "max_kinematic_error": 0.8097851334792837,
      "num_moment_matrices": 196,
      "worst_rank_proxy": 36,
      "min_dominant_weight": 0.05071485394183721,
      "max_second_weight": 0.35359018413137394,
      "all_blocks_rank_one": false
    }
  ],
  "simulation_summaries": [
    {
      "mpc_iteration": 0,
      "n_substeps": 100,
      "n_nodes": 101,
      "max_residual_inf": 2.220446049250313e-16,
      "lgvi_accepted_failure_count": 0,
      "max_accepted_residual": 0.0,
      "max_accepted_residual_local_step": null,
      "hard_failure_occurred": false,
      "final_state": {
        "k": 100.0,
        "t": 0.1,
        "u": 3.686979568815943,
        "thetaR1_rad": -0.127272713509019,
        "thetaR2_rad": 0.5526266797161953,
        "thetaR1_deg": -7.292189331244447,
        "thetaR2_deg": 31.66317639406589,
        "thetaF1_rad": -0.004656866275417327,
        "thetaF2_rad": 0.0112261515589986,
        "thetaF1_deg": -0.26681878333822007,
        "thetaF2_deg": 0.6432111045048291,
        "R1_orth_error": 6.753821865776849e-15,
        "R2_orth_error": 8.962859172111004e-15,
        "F1_orth_error": 3.914759929933189e-19,
        "F2_orth_error": 4.401169054949782e-19,
        "R1_det_error": 4.6629367034256575e-15,
        "R2_det_error": 6.217248937900877e-15,
        "F1_det_error": 0.0,
        "F2_det_error": 0.0,
        "base_x": 0.0,
        "base_y": 0.0,
        "elbow_x": -0.06346469524970876,
        "elbow_y": -0.4959558775303118,
        "tip_x": 0.1989976708003457,
        "tip_y": -0.9215302028924126,
        "target_angle_error_norm_rad": 3.9735210475148905,
        "target_angle_error_norm_deg": 227.66598582900508,
        "target_step_error_norm_rad": 0.012153718868425522,
        "target_step_error_norm_deg": 0.696356796549297,
        "target_error_R1_deg": 172.70781066875557,
        "target_error_R2_deg": -148.33682360593411,
        "target_error_F1_deg": -0.26681878333822384,
        "target_error_F2_deg": 0.6432111045048189
      },
      "next_sdp_initial": {
        "c1_0": 0.9919117550606259,
        "s1_0": -0.12692939049941782,
        "c2_0": 0.8511486507242042,
        "s2_0": 0.5249247321001105,
        "a1_prev": 0.8935134554857217,
        "b1_prev": -0.449036418195635,
        "a2_prev": 0.43332705615388734,
        "b2_prev": 0.901236740487762,
        "thetaR1": -0.127272713509019,
        "thetaR2": 0.5526266797161953,
        "thetaF1_prev": -0.4656866275417327,
        "thetaF2_prev": 1.1226151558998598,
        "thetaF1_physical": -0.004656866275417327,
        "thetaF2_physical": 0.0112261515589986
      },
      "max_constraint_norm": 5.721958498152797e-17
    },
    {
      "mpc_iteration": 1,
      "n_substeps": 100,
      "n_nodes": 101,
      "max_residual_inf": 2.220446049250313e-16,
      "lgvi_accepted_failure_count": 0,
      "max_accepted_residual": 0.0,
      "max_accepted_residual_local_step": null,
      "hard_failure_occurred": false,
      "final_state": {
        "k": 100.0,
        "t": 0.1,
        "u": -2.640952860784828,
        "thetaR1_rad": -0.39206078364792674,
        "thetaR2_rad": 2.0504536988343487,
        "thetaR1_deg": -22.46342821561788,
        "thetaR2_deg": 117.48234303019694,
        "thetaF1_rad": 0.0022536369722617406,
        "thetaF2_rad": 0.000793304254204784,
        "thetaF1_deg": 0.1291238870652391,
        "thetaF2_deg": 0.04545298563570751,
        "R1_orth_error": 1.3081692493125307e-14,
        "R2_orth_error": 8.768428891301531e-15,
        "F1_orth_error": 2.220446545662895e-16,
        "F2_orth_error": 1.5700925491151372e-16,
        "R1_det_error": 9.325873406851315e-15,
        "R2_det_error": 6.217248937900877e-15,
        "F1_det_error": 2.220446049250313e-16,
        "F2_det_error": 0.0,
        "base_x": 0.0,
        "base_y": 0.0,
        "elbow_x": -0.19104682197153916,
        "elbow_y": -0.46206180518906237,
        "tip_x": 0.2525297226131724,
        "tip_y": -0.23132418559856863,
        "target_angle_error_norm_rad": 2.9581260491079178,
        "target_angle_error_norm_deg": 169.4881378815926,
        "target_step_error_norm_rad": 0.002389186313891006,