{
  "mpc_iteration": 3,
  "n_substeps": 1,
  "n_nodes": 2,
  "max_residual_inf": 1.5265566588595902e-16,
  "lgvi_accepted_failure_count": 0,
  "max_accepted_residual": 0.0,
  "max_accepted_residual_local_step": null,
  "accepted_residuals": [],
  "hard_failure_occurred": false,
  "final_state": {
    "k": 1.0,
    "t": 0.1,
    "u": 5.328038016639706,
    "thetaR1_rad": 0.06977609083932902,
    "thetaR2_rad": 2.845648896467762,
    "thetaR1_deg": 3.997875516014999,
    "thetaR2_deg": 163.0436717436629,
    "thetaF1_rad": -0.3394329001092672,
    "thetaF2_rad": -1.0351216043303548,
    "thetaF1_deg": -19.44807260414667,
    "thetaF2_deg": -59.30809921094005,
    "R1_orth_error": 5.010923769188353e-16,
    "R2_orth_error": 3.609690019254159e-16,
    "F1_orth_error": 3.628947288667274e-17,
    "F2_orth_error": 7.388358386588087e-19,
    "R1_det_error": 2.220446049250313e-16,
    "R2_det_error": 2.220446049250313e-16,
    "F1_det_error": 0.0,
    "F2_det_error": 0.0,
    "base_x": 0.0,
    "base_y": 0.0,
    "elbow_x": 0.06971948477890269,
    "elbow_y": -0.9975666360911257,
    "tip_x": 0.3613621941269778,
    "tip_y": -0.04103930763463348,
    "target_angle_error_norm_rad": 3.0860394849333312,
    "target_angle_error_norm_deg": 176.8170378974063,
    "target_step_error_norm_rad": 1.0893536750881392,
    "target_step_error_norm_deg": 62.415367979615944,
    "target_error_R1_deg": -176.002124483985,
    "target_error_R2_deg": -16.956328256337084,
    "target_error_F1_deg": -19.448072604146663,
    "target_error_F2_deg": -59.30809921094005
  },
  "next_sdp_initial": {
    "c1_0": 0.9975666360911258,
    "s1_0": 0.0697194847789027,
    "c2_0": -0.9565273284564924,
    "s2_0": 0.29164270934807524,
    "a1_prev": 0.9429436344156997,
    "b1_prev": -0.3329524024765581,
    "a2_prev": 0.5104213659017018,
    "b2_prev": -0.859924432279396,
    "thetaR1": 0.06977609083932902,
    "thetaR2": 2.845648896467762,
    "thetaF1_prev": -0.33943290010926724,
    "thetaF2_prev": -1.0351216043303548,
    "thetaF1_last_fine": -0.3394329001092672,
    "thetaF2_last_fine": -1.0351216043303548
  },
  "thetaF1_next_sdp_F0_rad": -0.33943290010926724,
  "thetaF1_next_sdp_F0_deg": -19.448072604146674,
  "thetaF2_next_sdp_F0_rad": -1.0351216043303548,
  "thetaF2_next_sdp_F0_deg": -59.30809921094005,
  "max_step_angle_deg_link1": 59.99999999999999,
  "max_step_angle_deg_link2": 59.99999999999999,
  "next_sdp_initial_f1_within_max_step": true,
  "next_sdp_initial_f2_within_max_step": true,
  "next_sdp_initial_f_within_max_step": true,
  "max_constraint_norm": 5.551115123125783e-17
}