{
  "mpc_iteration": 1,
  "N": 20,
  "dt_sdp": 0.1,
  "problem_status": "PRIMAL_AND_DUAL_FEASIBLE",
  "solution_status": "OPTIMAL",
  "control_applied": true,
  "lower_bound_sdp": 12794.26171885731,
  "extracted_cost": 12738.821774466996,
  "absolute_suboptimality_gap": -55.43994439031303,
  "relative_suboptimality_gap": -0.004352046474300618,
  "max_so2_error": 0.1929793217976543,
  "max_kinematic_error": 0.13321573860443509,
  "num_moment_matrices": 196,
  "worst_rank_proxy": 6,
  "min_dominant_weight": 0.5818259678778499,
  "max_second_weight": 0.28192375529821373,
  "all_blocks_rank_one": false
}