{
  "mpc_iteration": 13,
  "n_substeps": 1,
  "n_nodes": 2,
  "max_residual_inf": 3.608224830031759e-16,
  "lgvi_accepted_failure_count": 0,
  "max_accepted_residual": 0.0,
  "max_accepted_residual_local_step": null,
  "accepted_residuals": [],
  "hard_failure_occurred": false,
  "final_state": {
    "k": 1.0,
    "t": 0.1,
    "u": 11.38807237020452,
    "thetaR1_rad": -0.6378701428168875,
    "thetaR2_rad": 1.241068819632642,
    "thetaR1_deg": -36.54726706081472,
    "thetaR2_deg": 71.1080054502332,
    "thetaF1_rad": 0.255229814393268,
    "thetaF2_rad": 0.7077516389221205,
    "thetaF1_deg": 14.623591170641607,
    "thetaF2_deg": 40.55118185370446,
    "R1_orth_error": 5.381012796040407e-16,
    "R2_orth_error": 3.925518197528709e-16,
    "F1_orth_error": 1.5569216021489582e-17,
    "F2_orth_error": 3.1542467376870966e-16,
    "R1_det_error": 2.220446049250313e-16,
    "R2_det_error": 1.1102230246251565e-16,
    "F1_det_error": 1.1102230246251565e-16,
    "F2_det_error": 2.220446049250313e-16,
    "base_x": 0.0,
    "base_y": 0.0,
    "elbow_x": -0.5954857387166869,
    "elbow_y": -0.8033658786537065,
    "tip_x": 0.3506448690920345,
    "tip_y": -1.1271511052584722,
    "target_angle_error_norm_rad": 3.1433449149576584,
    "target_angle_error_norm_deg": 180.1003971809825,
    "target_step_error_norm_rad": 0.7523660283081431,
    "target_step_error_norm_deg": 43.10739807107682,
    "target_error_R1_deg": 143.45273293918527,
    "target_error_R2_deg": -108.8919945497668,
    "target_error_F1_deg": 14.6235911706416,
    "target_error_F2_deg": 40.55118185370447
  },
  "next_sdp_initial": {
    "c1_0": 0.8033658786537067,
    "s1_0": -0.595485738716687,
    "c2_0": 0.3237852266047656,
    "s2_0": 0.9461306078087213,
    "a1_prev": 0.9676053005101448,
    "b1_prev": 0.25246778492448013,
    "a2_prev": 0.7598255156285636,
    "b2_prev": 0.6501270535824415,
    "thetaR1": -0.6378701428168875,
    "thetaR2": 1.241068819632642,
    "thetaF1_prev": 0.2552298143932682,
    "thetaF2_prev": 0.7077516389221202,
    "thetaF1_last_fine": 0.255229814393268,
    "thetaF2_last_fine": 0.7077516389221205
  },
  "thetaF1_next_sdp_F0_rad": 0.2552298143932682,
  "thetaF1_next_sdp_F0_deg": 14.62359117064162,
  "thetaF2_next_sdp_F0_rad": 0.7077516389221202,
  "thetaF2_next_sdp_F0_deg": 40.551181853704456,
  "max_step_angle_deg_link1": 59.99999999999999,
  "max_step_angle_deg_link2": 59.99999999999999,
  "next_sdp_initial_f1_within_max_step": true,
  "next_sdp_initial_f2_within_max_step": true,
  "next_sdp_initial_f_within_max_step": true,
  "max_constraint_norm": 7.850462293418876e-17
}