{
  "mpc_iteration": 25,
  "n_substeps": 1,
  "n_nodes": 2,
  "max_residual_inf": 8.326672684688674e-17,
  "lgvi_accepted_failure_count": 0,
  "max_accepted_residual": 0.0,
  "max_accepted_residual_local_step": null,
  "accepted_residuals": [],
  "hard_failure_occurred": false,
  "final_state": {
    "k": 1.0,
    "t": 0.1,
    "u": -0.07346078043035909,
    "thetaR1_rad": 3.0975861891798493,
    "thetaR2_rad": 3.092518145671726,
    "thetaR1_deg": 177.47861531801755,
    "thetaR2_deg": 177.18823781461342,
    "thetaF1_rad": 0.012948444398355175,
    "thetaF2_rad": 0.016679318286006366,
    "thetaF1_deg": 0.741891215285564,
    "thetaF2_deg": 0.9556545429435429,
    "R1_orth_error": 1.0021848980802056e-15,
    "R2_orth_error": 6.560386618022137e-16,
    "F1_orth_error": 1.5700935171421889e-16,
    "F2_orth_error": 2.015384741462449e-18,
    "R1_det_error": 2.220446049250313e-16,
    "R2_det_error": 4.440892098500626e-16,
    "F1_det_error": 1.1102230246251565e-16,
    "F2_det_error": 0.0,
    "base_x": 0.0,
    "base_y": 0.0,
    "elbow_x": 0.0439922621933907,
    "elbow_y": 0.9990318717974457,
    "tip_x": 0.09304707473373248,
    "tip_y": 1.9978279597786872,
    "target_angle_error_norm_rad": 0.06591567520145793,
    "target_angle_error_norm_deg": 3.7766899927986817,
    "target_step_error_norm_rad": 0.021115441525651337,
    "target_step_error_norm_deg": 1.2098256819751017,
    "target_error_R1_deg": -2.521384681982446,
    "target_error_R2_deg": -2.811762185386592,
    "target_error_F1_deg": 0.7418912152855646,
    "target_error_F2_deg": 0.9556545429435408
  },
  "next_sdp_initial": {
    "c1_0": -0.9990318717974459,
    "s1_0": 0.04399226219339063,
    "c2_0": -0.9987960879812413,
    "s2_0": 0.04905481254034187,
    "a1_prev": 0.9999161700651009,
    "b1_prev": 0.012948082573915953,
    "a2_prev": 0.9998609033955206,
    "b2_prev": 0.01667854493332202,
    "thetaR1": 3.0975861891798493,
    "thetaR2": 3.092518145671726,
    "thetaF1_prev": 0.01294844439835508,
    "thetaF2_prev": 0.01667931828600645,
    "thetaF1_last_fine": 0.012948444398355175,
    "thetaF2_last_fine": 0.016679318286006366
  },
  "thetaF1_next_sdp_F0_rad": 0.01294844439835508,
  "thetaF1_next_sdp_F0_deg": 0.7418912152855586,
  "thetaF2_next_sdp_F0_rad": 0.01667931828600645,
  "thetaF2_next_sdp_F0_deg": 0.9556545429435477,
  "max_step_angle_deg_link1": 59.99999999999999,
  "max_step_angle_deg_link2": 59.99999999999999,
  "next_sdp_initial_f1_within_max_step": true,
  "next_sdp_initial_f2_within_max_step": true,
  "next_sdp_initial_f_within_max_step": true,
  "max_constraint_norm": 1.1123893155135927e-16
}