{
  "mpc_iteration": 17,
  "n_substeps": 1,
  "n_nodes": 2,
  "max_residual_inf": 4.0245584642661925e-16,
  "lgvi_accepted_failure_count": 0,
  "max_accepted_residual": 0.0,
  "max_accepted_residual_local_step": null,
  "accepted_residuals": [],
  "hard_failure_occurred": false,
  "final_state": {
    "k": 1.0,
    "t": 0.1,
    "u": -3.570283154596632,
    "thetaR1_rad": 1.914941104251352,
    "thetaR2_rad": -1.392384438674416,
    "thetaR1_deg": 109.71804328972385,
    "thetaR2_deg": -79.77775179573624,
    "thetaF1_rad": 0.5666293313521356,
    "thetaF2_rad": 0.5881908336280227,
    "thetaF1_deg": 32.465469234797226,
    "thetaF2_deg": 33.700852315167275,
    "R1_orth_error": 5.852689295946742e-16,
    "R2_orth_error": 1.0534421121449815e-15,
    "F1_orth_error": 3.155565111123178e-16,
    "F2_orth_error": 4.717441679449485e-16,
    "R1_det_error": 2.220446049250313e-16,
    "R2_det_error": 6.661338147750939e-16,
    "F1_det_error": 2.220446049250313e-16,
    "F2_det_error": 4.440892098500626e-16,
    "base_x": 0.0,
    "base_y": 0.0,
    "elbow_x": 0.9413643418398828,
    "elbow_y": 0.337391724724191,
    "tip_x": -0.04276242914556372,
    "tip_y": 0.1599248302628338,
    "target_angle_error_norm_rad": 2.13644644272255,
    "target_angle_error_norm_deg": 122.40936432374029,
    "target_step_error_norm_rad": 0.8167234880377793,
    "target_step_error_norm_deg": 46.79480889376813,
    "target_error_R1_deg": -70.28195671027615,
    "target_error_R2_deg": 100.22224820426378,
    "target_error_F1_deg": 32.46546923479723,
    "target_error_F2_deg": 33.70085231516727
  },
  "next_sdp_initial": {
    "c1_0": -0.33739172472419093,
    "s1_0": 0.9413643418398828,
    "c2_0": 0.1774668944613571,
    "s2_0": -0.9841267709854461,
    "a1_prev": 0.8437151099607262,
    "b1_prev": 0.5367912193990875,
    "a2_prev": 0.8319458683358906,
    "b2_prev": 0.5548568032914797,
    "thetaR1": 1.914941104251352,
    "thetaR2": -1.392384438674416,
    "thetaF1_prev": 0.5666293313521361,
    "thetaF2_prev": 0.5881908336280226,
    "thetaF1_last_fine": 0.5666293313521356,
    "thetaF2_last_fine": 0.5881908336280227
  },
  "thetaF1_next_sdp_F0_rad": 0.5666293313521361,
  "thetaF1_next_sdp_F0_deg": 32.465469234797254,
  "thetaF2_next_sdp_F0_rad": 0.5881908336280226,
  "thetaF2_next_sdp_F0_deg": 33.70085231516727,
  "max_step_angle_deg_link1": 59.99999999999999,
  "max_step_angle_deg_link2": 59.99999999999999,
  "next_sdp_initial_f1_within_max_step": true,
  "next_sdp_initial_f2_within_max_step": true,
  "next_sdp_initial_f_within_max_step": true,
  "max_constraint_norm": 5.551115123125783e-17
}