{
  "mpc_iteration": 6,
  "n_substeps": 1,
  "n_nodes": 2,
  "max_residual_inf": 4.4797499043625066e-14,
  "lgvi_accepted_failure_count": 0,
  "max_accepted_residual": 0.0,
  "max_accepted_residual_local_step": null,
  "accepted_residuals": [],
  "hard_failure_occurred": false,
  "final_state": {
    "k": 1.0,
    "t": 0.1,
    "u": 11.348256344361525,
    "thetaR1_rad": -0.3885067827764581,
    "thetaR2_rad": 2.5778941375975166,
    "thetaR1_deg": -22.259798965296913,
    "thetaR2_deg": 147.7024541158548,
    "thetaF1_rad": -0.11400183126567394,
    "thetaF2_rad": 0.2672830647264543,
    "thetaF1_deg": -6.531823788285669,
    "thetaF2_deg": 15.314191544147837,
    "R1_orth_error": 5.053588226316343e-16,
    "R2_orth_error": 4.995220232357292e-16,
    "F1_orth_error": 3.140185132485341e-16,
    "F2_orth_error": 3.6584546225381897e-17,
    "R1_det_error": 4.440892098500626e-16,
    "R2_det_error": 2.220446049250313e-16,
    "F1_det_error": 2.220446049250313e-16,
    "F2_det_error": 0.0,
    "base_x": 0.0,
    "base_y": 0.0,
    "elbow_x": -0.37880690164547387,
    "elbow_y": -0.9254757324023987,
    "tip_x": 0.15550924265965388,
    "tip_y": -0.08019101236133352,
    "target_angle_error_norm_rad": 2.810202453383726,
    "target_angle_error_norm_deg": 161.01274015619697,
    "target_step_error_norm_rad": 0.29057985859569346,
    "target_step_error_norm_deg": 16.64899950904149,
    "target_error_R1_deg": 157.74020103470306,
    "target_error_R2_deg": -32.29754588414519,
    "target_error_F1_deg": -6.531823788285678,
    "target_error_F2_deg": 15.31419154414784
  },
  "next_sdp_initial": {
    "c1_0": 0.9254757324023989,
    "s1_0": -0.378806901645474,
    "c2_0": -0.8452847200410651,
    "s2_0": 0.5343161443051279,
    "a1_prev": 0.9935088259720717,
    "b1_prev": -0.11375505578037647,
    "a2_prev": 0.9644920303736235,
    "b2_prev": 0.2641119522963046,
    "thetaR1": -0.3885067827764581,
    "thetaR2": 2.5778941375975166,
    "thetaF1_prev": -0.1140018312656739,
    "thetaF2_prev": 0.2672830647264546,
    "thetaF1_last_fine": -0.11400183126567394,
    "thetaF2_last_fine": 0.2672830647264543
  },
  "thetaF1_next_sdp_F0_rad": -0.1140018312656739,
  "thetaF1_next_sdp_F0_deg": -6.531823788285666,
  "thetaF2_next_sdp_F0_rad": 0.2672830647264546,
  "thetaF2_next_sdp_F0_deg": 15.314191544147853,
  "max_step_angle_deg_link1": 59.99999999999999,
  "max_step_angle_deg_link2": 59.99999999999999,
  "next_sdp_initial_f1_within_max_step": true,
  "next_sdp_initial_f2_within_max_step": true,
  "next_sdp_initial_f_within_max_step": true,
  "max_constraint_norm": 5.551115123125783e-17
}